timestamp_utc,participant,stimulus_type,font_size,motion,input_mode,frame_motion,shaking,text_color_mode,background_mode,min_delay_sec,max_delay_sec,repetitions,trial,stimulus,reaction_time_ms
2025-11-18T07:45:09.065689,jirka pokus hokus,Letters,Small,Static,Text field + Enter,Static frame,False,Black,White,1.0,5.0,3,1,E,5745.85
2025-11-18T07:45:09.065689,jirka pokus hokus,Letters,Small,Static,Text field + Enter,Static frame,False,Black,White,1.0,5.0,3,2,S,1971.6
2025-11-18T07:45:09.065689,jirka pokus hokus,Letters,Small,Static,Text field + Enter,Static frame,False,Black,White,1.0,5.0,3,3,X,1591.46
2025-11-18T08:31:54.396077,hgbfds,Letters,Small,Static,Instant keyboard capture,Static frame,False,Black,White,1.0,5.0,4,1,J,7954.62
2025-11-18T08:31:54.396077,hgbfds,Letters,Small,Static,Instant keyboard capture,Static frame,False,Black,White,1.0,5.0,4,2,U,2084.75
2025-11-18T08:31:54.396077,hgbfds,Letters,Small,Static,Instant keyboard capture,Static frame,False,Black,White,1.0,5.0,4,3,B,1712.81
2025-11-18T08:31:54.396077,hgbfds,Letters,Small,Static,Instant keyboard capture,Static frame,False,Black,White,1.0,5.0,4,4,Y,1886.4
2025-11-18T08:32:28.160068,hgbfds,Letters,Small,Static,Text field + Enter,Static frame,False,Black,White,1.0,5.0,3,1,Z,6755.09
2025-11-18T08:32:28.160068,hgbfds,Letters,Small,Static,Text field + Enter,Static frame,False,Black,White,1.0,5.0,3,2,H,2527.84
2025-11-18T08:32:28.160068,hgbfds,Letters,Small,Static,Text field + Enter,Static frame,False,Black,White,1.0,5.0,3,3,A,2235.53
2025-11-18T08:58:26.577498,erthwe,Letters,Small,Static,Text field + Enter,Static frame,False,Black,White,1.0,5.0,4,1,U,2725.77
2025-11-18T08:58:26.577498,erthwe,Letters,Small,Static,Text field + Enter,Static frame,False,Black,White,1.0,5.0,4,2,Z,3203.48
2025-11-18T08:58:26.577498,erthwe,Letters,Small,Static,Text field + Enter,Static frame,False,Black,White,1.0,5.0,4,3,D,1870.55
2025-11-18T08:58:26.577498,erthwe,Letters,Small,Static,Text field + Enter,Static frame,False,Black,White,1.0,5.0,4,4,L,1786.72
